station_id,name,status,latitude,longitude
3291,11th & San Jacinto,active,30.27193,-97.73854
3635,13th & San Antonio,active,30.27616,-97.74488
2540,17th & Guadalupe,active,30.27974,-97.74254
3798,21st & Speedway @PCL,active,30.283,-97.7375
3797,21st & University,active,30.28354,-97.73953
3792,22nd & Pearl,active,30.2853,-97.7467
3841,23rd & Rio Grande,active,30.28728,-97.74495
3799,23rd & San Jacinto @ DKR Stadium,active,30.2856,-97.7335
2494,2nd & Congress,active,30.26408,-97.74355
2552,3rd & West,active,30.2678,-97.75189
2495,4th & Congress,active,30.26634,-97.74378
2501,5th & Bowie,active,30.2696,-97.75332
3619,6th & Congress,active,30.26822,-97.74285
2496,8th & Congress,active,30.2698,-97.74186
2711,Barton Springs @ Kinney Ave,active,30.262,-97.76118
2502,Barton Springs & Riverside,active,30.2587,-97.74872
2572,Barton Springs Pool,active,30.26452,-97.7712
3687,Boardwalk West,active,30.25457,-97.74258
3390,Brazos & 6th,active,30.26754,-97.74154
2823,Capital Metro HQ - East 5th at Broadway,active,30.2563,-97.71007
2497,Capitol Station / Congress & 11th,active,30.2726,-97.74127
2499,City Hall / Lavaca & 2nd,active,30.26476,-97.74678
3684,Congress & Cesar Chavez,active,30.26332,-97.74508
2539,Convention Center / 3rd & Trinity,active,30.26426,-97.74023
2498,Convention Center / 4th St. @ MetroRail,active,30.26483,-97.739
2563,Davis at Rainey Street,active,30.26019,-97.73845
3794,Dean Keeton & Speedway,active,30.28953,-97.73695
3795,Dean Keeton & Whitis,active,30.2898,-97.74041
2569,East 11th St. & San Marcos,active,30.26968,-97.73074
2568,East 11th St. at Victory Grill,active,30.26896,-97.72843
3293,East 2nd & Pedernales,active,30.25542,-97.71665
3292,East 4th & Chicon,active,30.25987,-97.72373
2544,East 6th & Pedernales St.,active,30.25895,-97.71475
2822,East 6th at Robert Martinez,active,30.26032,-97.71899
2547,Guadalupe & 21st,active,30.28395,-97.74198
3685,Henderson & 9th,active,30.27217,-97.75246
3791,Lake Austin & Enfield,active,30.29439,-97.78375
3790,Lake Austin Blvd @ Deep Eddy,active,30.27807,-97.77272
3294,Lavaca & 6th,active,30.26911,-97.7462
2549,Long Center @ South 1st & Riverside,active,30.25941,-97.74971
3660,Medina & East 6th,active,30.26455,-97.73165
3377,MoPac Pedestrian Bridge @ Veterans Drive,active,30.27466,-97.77028
3838,Nueces & 26th,active,30.29068,-97.74292
3621,Nueces & 3rd,active,30.26697,-97.74929
1001,OFFICE/Main/Shop/Repair,active,30.27186,-97.73997
2567,Palmer Auditorium,active,30.25971,-97.75346
2566,Pfluger Bridge @ W 2nd Street,active,30.26717,-97.75484
2542,Plaza Saltillo,active,30.26217,-97.72743
2707,Rainey St @ Cummings,active,30.25579,-97.73982
2571,Red River & 8th Street,active,30.26854,-97.73646
3455,Republic Square @ 5th & Guadalupe,active,30.26753,-97.74805
3793,Rio Grande & 28th,active,30.29333,-97.74412
2575,Riverside @ S. Lamar,active,30.26446,-97.75665
2562,San Jacinto & 8th Street,active,30.26912,-97.73986
2570,South Congress & Academy,active,30.25226,-97.74854
3513,South Congress & Barton Springs at the Austin American-Statesman,active,30.25839,-97.74592
2504,South Congress & Elizabeth,active,30.24891,-97.75019
2503,South Congress & James,active,30.25103,-97.74926
2561,State Capitol Visitors Garage @ San Jacinto & 12th,active,30.27336,-97.73805
3686,Sterzing at Barton Springs,active,30.26406,-97.76385
2565,Trinity & 6th Street,active,30.26735,-97.73933
2548,UT West Mall @ Guadalupe,active,30.28576,-97.74181
2537,West & 6th St.,active,30.27041,-97.75046
2574,Zilker Park,active,30.2659,-97.76822
4051,10th & Red River,active,30.27024,-97.73578
4055,11th & Salina,active,30.26638,-97.7214
4050,5th & Campbell,active,30.27489,-97.76483
4057,6th & Chalmers,active,30.26269,-97.72438
4047,8th & Lavaca,active,30.27059,-97.74441
4058,Hollow Creek & Barton Hills,active,30.26139,-97.77234
4062,Lakeshore & Pleasant Valley,active,30.24258,-97.71726
4061,Lakeshore @ Austin Hostel,active,30.24472,-97.72336
4052,Rosewood & Angelina,active,30.26888,-97.72431
4054,Rosewood & Chicon,active,30.26969,-97.71873
4048,South Congress @ Bouldin Creek,active,30.25495,-97.74755
2564,5th & San Marcos,closed,30.26416,-97.73289
1002,6th & Navasota St.,closed,30.26383,-97.72864
1003,8th & Guadalupe,closed,30.27106,-97.74563
2545,ACC - Rio Grande & 12th,closed,30.27595,-97.74739
2546,ACC - West & 12th Street,closed,30.27624,-97.74831
2538,Bullock Museum @ Congress & MLK,closed,30.28039,-97.73809
3381,East 7th & Pleasant Valley,closed,30.26025,-97.71002
1007,Lavaca & 6th,closed,30.26889,-97.74525
1008,Nueces @ 3rd,closed,30.26694,-97.74939
3464,Pease Park,closed,30.28118,-97.75219
2576,Rainey @ River St,closed,30.25802,-97.7391
1004,Red River & LBJ Library,closed,30.2848,-97.72756
2500,Republic Square,closed,30.26751,-97.74802
2550,Republic Square @ Guadalupe & 4th St.,closed,30.26774,-97.74692
2541,State Capitol @ 14th & Colorado,closed,30.27654,-97.74155
1005,State Parking Garage @ Brazos & 18th,closed,30.27907,-97.73715
2712,Toomey Rd @ South Lamar,closed,30.26304,-97.75824
2536,Waller & 6th St.,closed,30.26461,-97.73049
1006,Zilker Park West,closed,30.26587,-97.76826
